0,国泰航空
1,长飞光纤光缆
2,博雅互动
3,信越控股
4,电能实业
5,光启科学
6,中信银行
7,中国铁塔
8,建滔集团
9,梁志天设计集团
10,招商局港口
11,招商局中国基金
12,翰森制药
13,建设银行
14,粤海投资
15,健倍苗苗
16,重庆银行
17,华润燃气
18,丘钛科技
19,大新金融
20,汇丰控股
21,应星控股
22,小米集团-W
23,嗄芗团
24,瑞声科技
25,巨子生物
26,渣打集团
27,捷芯隆
28,润歌互动
29,信利国际
30,海螺水泥
31,工商银行
32,京东物流
33,贸易通
34,第一太平
35,新创建集团
36,携程集团-S
37,中国能源建设
38,中国财险
39,卓越教育集团
40,中国中冶
41,上海医药
42,康师傅控股
43,非凡领越
44,伟仕佳杰
45,伟禄集团
46,中国银行
47,中国稀土
48,万顺集团控股
49,大众金融控股
50,中国生物制药
51,江南布衣
52,俄铝
53,中国智能交通
54,上海实业控股
55,中联发展控股
56,四川能投发展
57,康臣药业
58,瑞风新能源
59,云音乐
60,力鸿检验
61,环球医疗
62,领悦服务集团
63,银盛数惠
64,南旋控股
65,民生银行
66,北京北辰实业股份
67,信邦控股
68,天津发展
69,中国光大银行
70,重庆农村商业银行
71,医脉通
72,再鼎医药
73,中石化冠德
74,腾讯控股
75,恒基地产
76,安东油田服务
77,旭日企业
78,创科实业
79,富智康集团
80,中国建筑国际
81,康方生物
82,万国黄金集团
83,博奇环保
84,中国重汽
85,美团-W
86,中国铁建
87,北京首都机场股份
88,义合控股
89,中国诚通发展集团
90,元征科技
91,中国心连心化肥
92,晶苑国际
93,康耐特光学
94,盛业
95,天宝集团
96,万洲国际
97,比亚迪股份
98,高鑫零售
99,金风科技
100,东瑞制药
101,联邦制药
102,中国新华教育
103,中化化肥
104,中银香港
105,中国船舶租赁
106,汇聚科技
107,西部水泥
108,长虹佳华
109,绿城中国
110,新希望服务
111,纷美包装
112,长江基建集团
113,裕元集团
114,映宇宙
115,华润建材科技
116,清科创业
117,海丰国际
118,铁建装备
119,锦艺集团控股
120,上海先锋控股
121,诺诚健华
122,超盈国际控股
123,方正控股
124,吉利汽车
125,亚盛医药-B
126,滨江服务
127,东北电气
128,福耀玻璃
129,盛诺集团
130,汤臣集团
131,中国电信
132,雅各臣科研制药
133,心动公司
134,新鸿基公司
135,珩湾科技
136,宏利金融-S
137,先声药业
138,阜博集团
139,翠华控股
140,保利物业
141,青岛银行
142,光丽科技
143,农业银行
144,中国秦发
145,国际资源
146,力量发展
147,原生态牧业
148,中远海运国际
149,德林国际
150,中国飞鹤
151,中煤能源
152,中国三江化工
153,津上机床中国
154,天鸽互动
155,交通银行
156,今海医疗科技
157,蓝月亮集团
158,中烟香港
159,中联重科
160,中国动向
161,晋景新能
162,泡泡玛特
163,安能物流
164,云顶新耀-B
165,波司登
166,嘉里建设
167,海通证券
168,高伟电子
169,新意网集团
170,中国宏桥
171,亿胜生物科技
172,瑞诚中国传媒
173,金山软件
174,久泰邦达能源
175,绿色动力环保
176,太古股份公司B
177,朝云集团
178,汇彩控股
179,湾区发展
180,邮储银行
181,TEAMWAY INTL GP
182,正大企业国际
183,和誉-B
184,嘉利国际
185,大新银行集团
186,中国交通建设
187,中石化炼化工程
188,位元堂
189,万物云
